,Year,Week_Nr,Open,High,Low,Volume,Close/Last
1257,2019,18,373.68,374.5753,369.115,3764911,371.83
1256,2019,18,369.56,374.5,368.348,3863973,370.54
1255,2019,18,374.0,385.99,373.1746,9257284,378.81
1254,2019,18,378.0,383.5,374.51,5398167,379.06
1253,2019,18,381.53,385.03,378.2717,5130301,385.03
1252,2019,19,377.69,381.35,376.0,5793144,378.67
1251,2019,19,377.0,379.91,365.81,6974924,370.46
1250,2019,19,367.92,369.0,361.36,6571957,364.37
1249,2019,19,360.9,364.2,352.75,5882572,362.75
1248,2019,19,361.62,365.2578,353.06,5657123,361.04
1247,2019,20,352.29,354.26,343.1,8026697,345.26
1246,2019,20,348.71,349.95,342.5,5353029,345.61
1245,2019,20,343.34,356.5,341.39,6340118,354.99
1244,2019,20,356.37,364.0,353.935,6441463,359.31
1243,2019,20,356.39,359.62,353.785,4725448,354.45
1242,2019,21,351.23,352.418,345.4,4621515,348.11
1241,2019,21,350.95,356.425,349.93,4026369,354.27
1240,2019,21,358.01,370.46,357.3,6229389,359.73
1239,2019,21,355.5,357.42,347.7,5630443,352.21
1238,2019,21,355.41,359.44,353.791,3830963,354.39
1237,2019,22,354.39,361.2,353.64,4717144,354.78
1236,2019,22,353.6,353.8476,345.9,5658913,349.19
1235,2019,22,350.55,354.21,348.3,4008042,351.85
1234,2019,22,347.22,349.34,342.92,5023449,343.28
1233,2019,23,343.56,347.66,332.65,7849589,336.63
1232,2019,23,345.0,353.61,343.25,7891632,353.4
1231,2019,23,354.38,357.88,348.71,5020081,355.73
1230,2019,23,354.84,358.21,352.09,3709955,357.13
1229,2019,23,357.39,365.15,355.69,4777321,360.87
1228,2019,24,363.65,367.1,349.285,7810261,352.01
1227,2019,24,355.0,357.58,348.5,5396712,351.27
1226,2019,24,351.82,353.61,343.23,4584704,345.56
1225,2019,24,347.23,348.5,339.25,6209347,343.43
1224,2019,24,341.63,343.4,336.155,5019011,339.73
1223,2019,25,342.69,351.77,342.06,5358219,350.62
1222,2019,25,355.57,361.5,353.75,5428542,357.12
1221,2019,25,361.72,364.74,356.12,5667156,363.52
1220,2019,25,365.91,370.12,361.215,5899467,365.21
1219,2019,25,365.0,371.45,365.0,7448356,369.21
1218,2019,26,370.27,375.0,370.2,4830240,371.04
1217,2019,26,370.75,370.9994,358.29,5750383,360.3
1216,2019,26,361.6,366.79,361.6,3669677,362.2
1215,2019,26,363.2,370.85,363.2,4138575,370.02
1214,2019,26,370.26,371.5448,364.87,4592706,367.32
1213,2019,27,373.5,376.66,372.0,5001518,374.6
1212,2019,27,374.89,376.0,370.31,3628962,375.43
1211,2019,27,376.69,381.99,375.84,3799009,381.72
1210,2019,27,378.29,381.4,375.555,3732162,380.55
1209,2019,28,378.19,378.25,375.36,3113402,376.16
1208,2019,28,379.06,384.76,377.5,6932822,379.93
1207,2019,28,382.77,384.3399,377.4,5878790,381.0
1206,2019,28,381.1,384.54,378.8,4336287,379.5
1205,2019,28,378.68,379.7375,372.7917,6636937,373.25
1204,2019,29,372.94,373.68,362.3,7944680,366.6
1203,2019,29,370.09,371.34,364.92,5863222,365.99
1202,2019,29,366.25,366.5,361.75,13639540,362.44
1201,2019,29,323.76,329.85,320.3,31305900,325.21
1200,2019,29,323.4,325.85,314.23,16302480,315.1
1199,2019,30,312.0,314.54,305.81,17725330,310.62
1198,2019,30,311.44,313.5,306.0,9171068,307.3
1197,2019,30,310.51,319.99,307.25,11961820,317.94
1196,2019,30,318.86,327.69,316.3,10798500,326.46
1195,2019,30,328.79,336.0,327.5,10847500,335.78
1194,2019,31,335.98,336.4,328.77,5782817,332.7
1193,2019,31,329.2,329.65,323.23,6029320,325.93
1192,2019,31,325.16,331.77,318.53,6259494,322.99
1191,2019,31,324.25,328.58,318.735,6563156,319.5
1190,2019,31,317.49,319.41,311.8,6280343,318.83
1189,2019,32,310.96,313.4179,304.677,8692485,307.63
1188,2019,32,310.58,311.88,305.3,6179090,310.1
1187,2019,32,302.56,305.0,296.8126,9322433,304.29
1186,2019,32,311.03,316.3648,306.63,5905865,315.9
1185,2019,32,313.74,316.64,305.68,5349059,308.93
1184,2019,33,305.46,312.89,303.24,6531722,310.83
1183,2019,33,309.77,316.43,308.16,5338761,312.28
1182,2019,33,308.01,308.41,298.005,7355753,299.11
1181,2019,33,299.5,300.63,288.0,9683384,295.76
1180,2019,33,298.86,303.55,296.27,7090757,302.8
1179,2019,34,306.25,311.75,304.75,4951733,309.38
1178,2019,34,304.57,305.0,297.6811,7352162,298.99
1177,2019,34,301.61,302.88,296.2,5689746,297.81
1176,2019,34,298.65,300.33,293.15,4977042,296.93
1175,2019,34,295.0,299.01,290.32,6331189,291.44
1174,2019,35,295.24,296.95,292.5,4696982,294.98
1173,2019,35,294.54,296.77,287.1968,6314559,291.03
1172,2019,35,289.47,292.82,287.75,3958043,291.77
1171,2019,35,295.0,299.93,294.99,4392532,296.78
1170,2019,35,298.78,298.94,290.85,4447990,293.75
1169,2019,36,290.82,293.9,288.06,3684177,289.29
1168,2019,36,291.25,292.38,286.51,4653665,291.52
1167,2019,36,285.32,293.97,282.785,8972356,293.25
1166,2019,36,293.35,293.35,287.03,5166556,290.17
1165,2019,37,294.81,301.55,290.6,8232744,294.34
1164,2019,37,291.16,297.17,282.6629,12320250,287.99
1163,2019,37,285.7,292.65,284.61,7405949,288.27
1162,2019,37,288.1,292.73,286.6,5010927,288.86
1161,2019,37,290.61,296.62,290.04,6583124,294.15
1160,2019,38,294.23,297.43,289.78,5307386,294.29
1159,2019,38,294.5,299.15,291.79,4817119,298.6
1158,2019,38,294.99,296.05,287.45,7841539,291.56
1157,2019,38,291.56,293.81,283.4,8545761,286.6
1156,2019,38,280.26,282.5,266.0,23954190,270.75
1155,2019,39,268.345,273.39,261.89,13610290,265.92
1154,2019,39,262.5,265.0,252.28,16392810,254.59
1153,2019,39,255.71,266.6,253.7,11846750,264.75
1152,2019,39,266.42,268.05,260.2,7696858,263.31
1151,2019,39,266.175,267.44,260.39,7367491,263.08
1150,2019,40,264.0,268.88,262.78,6823100,267.62
1149,2019,40,267.35,272.2,264.03,8786284,269.58
1148,2019,40,263.61,269.35,262.19,7773299,268.03
1147,2019,40,267.78,268.843,257.01,9068810,268.15
1146,2019,40,268.2,275.4846,266.47,9992774,272.79
1145,2019,41,271.99,276.68,271.28,6796811,274.46
1144,2019,41,273.03,275.53,270.6427,6302269,270.72
1143,2019,41,270.02,271.0,264.57,6843488,267.53
1142,2019,41,265.97,280.53,265.0337,10961190,280.48
1141,2019,41,284.8,287.87,275.8947,8817301,282.93
1140,2019,42,283.93,286.93,282.0,5543120,285.53
1139,2019,42,283.82,285.87,279.4,7728161,284.25
1138,2019,42,283.12,288.17,280.7431,18413340,286.28
1137,2019,42,304.49,308.75,288.3001,38462340,293.35
1136,2019,42,289.36,290.9,273.36,23449640,275.3
1135,2019,43,272.89,279.9399,269.0,12633960,278.05
1134,2019,43,271.159,275.41,265.8,11865590,266.69
1133,2019,43,268.06,273.92,266.63,7154430,271.27
1132,2019,43,271.81,274.02,268.8,4911033,271.5
1131,2019,43,270.68,277.77,270.18,4747829,276.82
1130,2019,44,278.05,285.75,277.35,6248433,281.86
1129,2019,44,281.87,284.41,277.545,4356181,281.21
1128,2019,44,284.34,293.49,283.0,9345562,291.45
1127,2019,44,291.0,291.45,284.78,5090021,287.41
1126,2019,44,288.7,289.12,283.02,5594293,286.81
1125,2019,45,288.0,295.39,287.16,5566213,292.86
1124,2019,45,289.99,291.19,286.31,4062370,288.03
1123,2019,45,288.19,290.56,285.84,3438257,288.59
1122,2019,45,290.7,298.19,288.2679,5928471,289.57
1121,2019,45,288.73,293.99,287.505,4509588,291.57
1120,2019,46,289.16,296.36,288.5,3945885,294.18
1119,2019,46,295.32,295.345,288.7,5774833,292.01
1118,2019,46,291.03,293.41,281.14,9233066,283.11
1117,2019,46,283.25,290.63,283.22,6539771,289.62
1116,2019,46,290.59,295.8186,287.568,6337779,295.03
1115,2019,47,296.0,304.99,293.28,8621566,302.57
1114,2019,47,304.01,305.6699,298.5201,5919710,302.6
1113,2019,47,301.01,308.25,301.0,5115546,305.16
1112,2019,47,306.0,312.69,304.2622,7488373,311.69
1111,2019,47,309.1,311.4,304.41,5970056,310.48
1110,2019,48,308.83,315.73,305.25,7878943,315.55
1109,2019,48,315.0,316.5,311.69,5328348,312.49
1108,2019,48,313.93,316.82,312.75,4100975,315.93
1107,2019,48,315.78,316.62,313.34,2411749,314.66
1106,2019,49,314.39,314.39,303.75,6223135,309.99
1105,2019,49,302.22,307.36,301.88,5272447,306.16
1104,2019,49,308.43,308.43,303.2727,3513551,304.32
1103,2019,49,305.27,306.48,298.81,4618867,302.86
1102,2019,49,304.7,307.8495,302.6,4459684,307.35
1101,2019,50,307.35,311.49,302.44,5766006,302.5
1100,2019,50,296.12,298.94,292.02,10481240,293.12
1099,2019,50,294.49,299.43,294.2,5607155,298.93
1098,2019,50,295.67,299.165,295.06,4771404,298.44
1097,2019,50,298.5,301.8,297.25,3883069,298.5
1096,2019,51,300.85,305.71,298.63,4660166,304.21
1095,2019,51,307.36,316.8,306.6,10437130,315.48
1094,2019,51,316.26,325.36,315.6,11210740,320.8
1093,2019,51,324.5,332.83,324.18,9833355,332.22
1092,2019,51,335.0,338.0,330.6,9923260,336.9
1091,2019,52,337.76,337.95,331.0201,5767937,333.1
1090,2019,52,334.01,335.7,331.6,2019322,333.2
1089,2019,52,334.6,336.4623,332.01,3595854,332.63
1088,2019,52,332.96,333.82,326.01,5037156,329.09
1087,2019,1,329.08,329.185,322.86,4315267,323.31
1086,2019,1,322.0,324.916,321.09,3714837,323.57
1085,2020,1,326.1,329.98,324.78,4348493,329.81
1084,2020,1,326.78,329.8599,325.53,3795466,325.9
1083,2020,2,323.12,336.36,321.2,5668577,335.83
1082,2020,2,336.47,336.7,330.3,4742458,330.75
1081,2020,2,331.49,342.7,331.05,7109117,339.26
1080,2020,2,342.0,343.4196,334.6101,4717430,335.66
1079,2020,2,337.13,338.5,327.27,4720540,329.05
1078,2020,3,331.8,340.85,331.51,6296174,338.92
1077,2020,3,344.4,345.38,335.52,7201544,338.69
1076,2020,3,338.68,343.17,336.6,5158035,339.07
1075,2020,3,343.5,343.555,335.85,5015997,338.62
1074,2020,3,341.0,341.57,337.38,6066547,339.67
1073,2020,4,340.0,341.0,332.59,14350320,338.11
1072,2020,4,332.55,336.3,323.6,21729960,326.0
1071,2020,4,326.04,349.88,325.01,18200290,349.6
1070,2020,4,348.46,359.85,345.88,17939680,353.16
1069,2020,5,345.95,351.9,341.02,7709482,342.88
1068,2020,5,345.88,352.4,342.78,6821581,348.52
1067,2020,5,349.0,349.4,338.55,7649183,343.16
1066,2020,5,341.1,348.2,339.25,5328136,347.74
1065,2020,5,347.39,347.39,340.98,5230001,345.09
1064,2020,6,347.24,359.63,346.28,6674885,358.0
1063,2020,6,361.0,369.57,356.0964,7161451,369.01
1062,2020,6,375.125,375.25,362.3,6437026,369.67
1061,2020,6,369.6,371.5499,362.505,3920428,366.95
1060,2020,6,365.04,371.8,363.57,4385227,366.77
1059,2020,7,365.0,374.8,362.52,5294138,371.07
1058,2020,7,373.75,378.11,369.72,4772870,373.69
1057,2020,7,377.18,380.62,375.88,4624772,380.01
1056,2020,7,376.96,385.37,376.51,4485383,381.4
1055,2020,7,381.47,385.15,379.4342,3736266,380.4
1054,2020,8,379.3,389.54,379.19,5180400,387.78
1053,2020,8,388.12,392.95,384.9,4896368,386.19
1052,2020,8,386.56,389.7,376.68,4079425,386.0
1051,2020,8,385.33,387.32,377.9008,3935618,380.07
1050,2020,9,364.76,372.82,361.0,6936418,368.7
1049,2020,9,372.0,375.65,357.72,6481243,360.09
1048,2020,9,366.31,382.0,365.0,8961126,379.24
1047,2020,9,371.46,391.5624,370.5962,10967700,371.71
1046,2020,9,364.21,376.77,356.8,11178570,369.03
1045,2020,10,373.11,381.36,364.502,6997891,381.05
1044,2020,10,381.03,393.52,367.4,8364623,368.77
1043,2020,10,377.77,384.01,370.51,5487340,383.79
1042,2020,10,381.0,391.4,368.6401,8746985,372.78
1041,2020,10,367.7,371.31,356.85,8147165,368.97
1040,2020,11,343.86,357.47,341.7209,7405458,346.49
1039,2020,11,356.425,364.54,347.85,7604444,364.13
1038,2020,11,358.92,362.98,344.79,6058782,349.92
1037,2020,11,326.5,335.72,307.32,12071590,315.25
1036,2020,11,330.51,336.42,307.39,9458197,336.295
1035,2020,12,306.63,334.35,294.75,10559940,298.84
1034,2020,12,306.19,322.9,290.25,10013910,319.75
1033,2020,12,302.395,331.5794,300.0,12593650,315.47
1032,2020,12,324.33,348.51,316.82,10615960,332.03
1031,2020,12,342.31,350.49,332.0,10853850,332.83
1030,2020,13,347.89,366.11,340.8838,13449380,360.27
1029,2020,13,369.99,372.93,353.0301,11638680,357.32
1028,2020,13,361.02,362.0,339.17,8767171,342.39
1027,2020,13,344.0,363.84,341.73,7235016,362.99
1026,2020,13,359.09,368.56,353.0,7948775,357.12
1025,2020,14,363.0,377.8,361.17,8621964,370.96
1024,2020,14,367.93,383.01,366.44,9366464,375.5
1023,2020,14,376.05,380.233,361.02,6672454,364.08
1022,2020,14,364.08,370.99,360.06,4592477,370.08
1021,2020,14,367.47,370.9,357.51,4860768,361.76
1020,2020,15,365.22,380.29,361.71,8183921,379.96
1019,2020,15,380.0,381.33,369.34,7046438,372.28
1018,2020,15,374.01,378.39,368.31,6908879,371.12
1017,2020,15,371.06,372.1,363.03,7711296,370.72
1016,2020,16,371.31,400.51,367.7003,11692920,396.72
1015,2020,16,397.5,417.82,394.8468,11580980,413.55
1014,2020,16,413.0,434.98,412.25,13561220,426.75
1013,2020,16,437.0,449.52,431.61,16128670,439.17
1012,2020,16,431.0,432.0,414.695,12616260,422.96
1011,2020,17,435.17,444.49,430.56,12655820,437.49
1010,2020,17,444.77,447.0,425.6,23177550,433.83
1009,2020,17,429.725,433.0,413.0,21123770,421.42
1008,2020,17,419.26,438.413,419.26,13952330,426.7
1007,2020,17,425.0,427.17,415.88,8670362,424.99
1006,2020,18,425.0,429.0,420.84,6277480,421.38
1005,2020,18,419.99,421.0,402.9101,10101230,403.83
1004,2020,18,399.53,415.86,393.6,9693137,411.89
1003,2020,18,410.31,424.44,408.0,7953975,419.85
1002,2020,18,415.1,427.97,411.73,8299858,415.27
1001,2020,19,417.78,428.54,414.87,7799058,428.15
1000,2020,19,427.555,431.0,421.56,6286293,424.68
999,2020,19,429.3,439.77,426.385,6660737,434.26
998,2020,19,436.89,438.88,430.66,5650281,436.53
997,2020,19,434.14,442.0,433.6389,5054308,435.55
996,2020,20,436.33,444.8899,435.56,5486037,440.52
995,2020,20,442.0,444.17,431.36,4598211,431.82
994,2020,20,435.69,447.0,427.27,7014563,438.27
993,2020,20,444.9,452.38,432.82,9007467,441.95
992,2020,20,440.7,455.0,437.51,7243998,454.19
991,2020,21,451.16,456.36,443.35,7780309,452.58
990,2020,21,453.397,458.97,450.465,4810487,451.04
989,2020,21,454.25,455.81,444.0,5607257,447.67
988,2020,21,448.56,448.96,430.25,9117325,436.25
987,2020,21,437.0,439.09,427.18,5422334,429.32
986,2020,22,427.77,428.5,413.14,7881115,414.77
985,2020,22,410.38,420.02,397.86,10446340,419.89
984,2020,22,417.24,422.3717,411.5,5660160,413.44
983,2020,22,417.46,420.295,411.85,5270484,419.73
982,2020,23,418.83,426.72,415.98,3748573,425.92
981,2020,23,425.87,427.59,419.46,3494801,427.31
980,2020,23,426.95,427.1,418.05,4316044,421.97
979,2020,23,422.39,428.71,410.03,5410529,414.33
978,2020,23,407.29,420.2392,404.25,5099561,419.6
977,2020,24,416.0,420.8,406.5,5851453,419.49
976,2020,24,421.65,434.73,420.31,6796999,434.05
975,2020,24,436.0,439.69,430.55,4896893,434.48
974,2020,24,428.2,445.57,424.1601,7462868,425.56
973,2020,24,429.0,434.06,412.45,6461127,418.07
972,2020,25,421.4,426.49,415.4238,4471499,425.5
971,2020,25,425.76,437.96,425.18,5514016,436.13
970,2020,25,441.82,450.46,439.22,6529568,447.77
969,2020,25,448.73,452.76,442.8,4277627,449.87
968,2020,25,449.12,453.97,445.6,5933651,453.72
967,2020,26,455.01,468.59,454.21,6272105,468.04
966,2020,26,466.5,474.01,464.5,5948436,466.26
965,2020,26,468.54,472.36,454.0,4826191,457.85
964,2020,26,458.86,467.01,454.0,4134513,465.91
963,2020,26,466.39,468.03,442.24,6804726,443.4
962,2020,27,445.23,447.67,432.14,4843978,447.24
961,2020,27,450.02,457.59,447.0,4198545,455.04
960,2020,27,454.0,488.23,454.0,9705870,485.64
959,2020,27,485.64,492.28,475.5258,6351485,476.89
958,2020,28,480.77,499.5,479.8,7838990,493.81
957,2020,28,497.311,504.82,490.83,5669870,493.16
956,2020,28,498.576,505.1,493.81,5691682,502.78
955,2020,28,508.4,510.0,495.78,5840541,507.76
954,2020,28,519.73,555.8799,511.28,21605590,548.73
953,2020,29,567.98,575.37,520.96,18399020,525.5
952,2020,29,517.08,525.5,490.49,15083300,524.88
951,2020,29,516.3,529.0,510.18,10066650,523.26
950,2020,29,526.48,535.54,504.3627,24498990,527.39
949,2020,29,494.87,503.59,484.14,24991350,492.99
948,2020,30,489.14,504.5,484.2001,11940310,502.41
947,2020,30,506.0,506.22,488.61,9127218,490.1
946,2020,30,492.19,497.2,487.2,6954078,489.82
945,2020,30,491.13,491.9,472.0201,7722034,477.58
944,2020,30,468.77,487.17,467.54,7746247,480.45
943,2020,31,484.51,496.92,482.31,7863069,495.65
942,2020,31,496.02,497.7927,487.7601,5986727,488.51
941,2020,31,492.25,494.92,484.13,6611769,484.48
940,2020,31,480.7072,488.35,477.5101,6608569,485.8
939,2020,31,488.29,494.8,484.5,5924310,488.88
938,2020,32,490.86,503.09,490.23,5876190,498.62
937,2020,32,498.65,510.4436,498.65,5607968,509.64
936,2020,32,508.68,510.1021,501.2,4313526,502.11
935,2020,32,504.11,510.82,498.7,3725861,509.08
934,2020,32,505.45,508.29,486.68,5910348,494.73
933,2020,33,493.35,497.4584,478.6269,4691185,483.38
932,2020,33,479.75,480.92,466.55,7329226,466.93
931,2020,33,471.34,482.49,470.18,5441243,475.47
930,2020,33,478.4,484.45,476.45,3008933,481.33
929,2020,33,482.82,488.325,480.21,2943487,482.68
928,2020,34,484.19,486.24,479.1,2423545,482.35
927,2020,34,484.35,495.3,482.8,3505518,491.87
926,2020,34,493.93,494.4985,483.5,3156218,484.53
925,2020,34,484.69,498.94,483.89,5132480,497.9
924,2020,34,496.46,498.13,490.0,3921293,492.31
923,2020,35,495.438,501.0,483.16,4762183,488.81
922,2020,35,488.19,492.47,485.09,5727721,490.58
921,2020,35,492.5,549.04,492.075,20373680,547.53
920,2020,35,537.775,541.0,521.2471,9062912,526.27
919,2020,35,532.0,539.0,522.0,4417517,523.89
918,2020,36,521.16,531.99,517.58,4941409,529.56
917,2020,36,532.6,557.3895,532.45,9581907,556.55
916,2020,36,553.78,556.5,537.369,5886930,552.84
915,2020,36,545.0,554.0,521.32,9071089,525.75
914,2020,36,520.18,527.36,485.98,8270118,516.05
913,2020,37,498.4,522.0,495.0,5572684,507.02
912,2020,37,519.21,520.0,492.5743,6848127,500.19
911,2020,37,503.35,506.29,478.84,6240181,480.67
910,2020,37,486.485,493.73,476.81,5035200,482.03
909,2020,38,480.62,488.99,471.3001,7359126,476.26
908,2020,38,484.0,497.47,481.63,5336992,495.99
907,2020,38,499.99,504.66,483.31,4401412,483.86
906,2020,38,475.16,478.4,463.27,5379301,470.2
905,2020,38,472.51,479.4,458.6,6717711,469.96
904,2020,39,467.692,487.775,466.32,5457539,487.35
903,2020,39,489.01,491.82,479.26,3482324,491.17
902,2020,39,491.04,491.04,469.0,3726423,470.61
901,2020,39,470.53,477.0,467.82,3727201,473.08
900,2020,39,474.39,484.87,468.0258,3769436,482.88
899,2020,40,489.109,492.0,477.88,4773497,490.65
898,2020,40,489.5,496.2868,486.53,3543193,493.48
897,2020,40,492.57,504.63,489.2704,4634111,500.03
896,2020,40,506.03,529.55,503.6,8153710,527.51
895,2020,40,516.43,526.3714,502.7,6071165,503.06
894,2020,41,506.8,520.99,501.6997,4088069,520.65
893,2020,41,518.72,521.82,504.16,4199034,505.87
892,2020,41,518.0,536.49,515.815,7988683,534.66
891,2020,41,533.48,535.0,524.15,5386488,531.79
890,2020,41,537.834,544.28,535.0,4781259,539.44
889,2020,42,548.81,551.81,538.24,5391074,539.81
888,2020,42,540.56,557.65,537.2,5602498,554.09
887,2020,42,562.61,572.49,541.0,9510081,541.45
886,2020,42,545.52,551.22,535.1,5113126,541.94
885,2020,42,549.5,554.33,530.03,6347363,530.79
884,2020,43,537.07,541.8,525.38,7567506,530.72
883,2020,43,528.14,533.78,522.26,10047180,525.42
882,2020,43,501.03,506.85,488.25,17405710,489.05
881,2020,43,494.69,495.14,482.0,6997922,485.23
880,2020,43,488.11,490.06,481.35,4927862,488.28
879,2020,44,487.025,496.82,478.9,6186087,488.24
878,2020,44,490.01,490.49,482.93,3627175,488.93
877,2020,44,486.36,494.0,483.28,5992731,486.24
876,2020,44,488.5,513.8999,479.34,11120690,504.21
875,2020,44,502.01,505.88,472.21,7813897,475.74
874,2020,45,478.87,486.3,475.0,4408193,484.12
873,2020,45,484.93,495.305,478.76,3690213,487.22
872,2020,45,495.36,507.73,493.98,5137330,496.95
871,2020,45,506.56,518.7337,503.45,5372781,513.76
870,2020,45,515.0,515.21,502.51,4236349,514.73
869,2020,46,485.54,495.85,467.26,10419680,470.5
868,2020,46,470.95,484.6,463.41,8306142,480.24
867,2020,46,483.0,491.68,478.26,5460532,490.76
866,2020,46,491.0,496.52,480.4255,5071155,486.77
865,2020,46,486.77,488.94,477.8,3006510,482.84
864,2020,47,480.0,485.58,477.3,3953563,479.1
863,2020,47,480.12,487.51,478.8525,3698082,480.63
862,2020,47,481.95,488.61,477.7212,3629237,481.79
861,2020,47,482.0,487.8,480.47,2254653,484.67
860,2020,47,485.22,494.76,481.57,4255924,488.24
859,2020,48,490.46,491.15,475.84,5416571,476.62
858,2020,48,478.84,484.05,475.89,3557894,482.88
857,2020,48,485.13,486.9,478.919,3598629,485.0
856,2020,48,486.58,493.25,481.845,2805762,491.36
855,2020,49,490.08,492.55,481.2678,3530940,490.7
854,2020,49,492.3404,509.47,491.9812,5063234,504.58
853,2020,49,501.62,506.795,493.5,3028358,503.38
852,2020,49,502.99,508.77,496.04,2826116,497.52
851,2020,49,497.5,504.5,493.64,3666243,498.31
850,2020,50,500.01,517.76,497.77,4289293,515.78
849,2020,50,517.9,521.4909,505.55,4228950,512.66
848,2020,50,510.53,514.5,491.29,4178768,493.6
847,2020,50,494.56,503.77,492.91,3018203,501.09
846,2020,50,495.0,503.34,494.85,3210928,503.22
845,2020,51,505.44,524.1603,501.18,5770424,522.42
844,2020,51,518.5,524.7,513.56,3398209,519.78
843,2020,51,520.11,527.38,517.69,3682392,524.83
842,2020,51,529.0,535.49,526.44,3193377,532.9
841,2020,51,533.2,536.37,526.02,4502692,534.45
840,2020,52,530.05,532.62,521.15,3893964,528.91
839,2020,52,527.69,530.4,520.5,1908529,527.33
838,2020,52,524.76,526.32,514.2,2393187,514.48
837,2020,52,515.12,519.345,512.2104,1143952,513.97
836,2020,53,516.43,523.66,507.13,2891867,519.12
835,2020,53,519.9,536.5478,515.4801,4022358,530.87
834,2020,53,530.13,533.2575,523.69,1876286,524.59
833,2020,53,525.53,545.5,523.1502,5392322,540.73
832,2021,1,539.0,540.8,515.085,4444407,522.86
831,2021,1,521.55,526.78,515.89,3133872,520.8
830,2021,1,511.97,513.0998,499.5,5346210,500.49
829,2021,1,508.28,516.44,506.42,3686448,508.89
828,2021,1,511.31,513.24,504.51,2973949,510.4
827,2021,2,507.84,510.725,497.95,3812720,499.1
826,2021,2,500.0,501.09,485.6701,5990425,494.25
825,2021,2,495.5012,512.3542,493.01,5032099,507.79
824,2021,2,507.35,514.5,499.58,4177357,500.86
823,2021,2,500.0,506.32,495.1,5895788,497.98
822,2021,3,501.0,509.25,493.5427,12315810,501.77
821,2021,3,565.42,593.2877,556.86,32637450,586.34
820,2021,3,582.45,588.75,570.4,11840630,579.84
819,2021,3,582.1,583.99,564.35,7550822,565.17
818,2021,4,567.0,569.75,548.65,7207329,556.78
817,2021,4,554.73,567.99,554.06,5023847,561.93
816,2021,4,550.71,556.4187,515.73,8670277,523.28
815,2021,4,535.88,553.1482,530.74,5968978,538.6
814,2021,4,538.0,541.0,530.18,4325264,532.39
813,2021,5,536.79,545.06,531.73,3547507,539.04
812,2021,5,542.01,555.48,538.935,3767569,548.16
811,2021,5,550.17,550.48,538.243,3172288,539.45
810,2021,5,539.81,559.48,537.51,5164537,552.16
809,2021,5,552.26,554.44,545.4778,2376175,550.79
808,2021,6,555.0,555.0,543.7,2791721,547.92
807,2021,6,546.0,566.0,543.0,3703499,559.07
806,2021,6,562.5,566.65,553.463,3991264,563.59
805,2021,6,564.442,565.93,554.22,2730587,557.59
804,2021,6,556.94,561.2499,550.85,2197128,556.52
803,2021,7,557.286,563.63,552.73,2624097,557.28
802,2021,7,550.99,555.25,543.03,2071590,551.34
801,2021,7,549.0,550.0,538.2265,2457604,548.22
800,2021,7,548.0,548.99,538.8132,2841457,540.22
799,2021,8,534.99,541.79,530.79,3078594,533.78
798,2021,8,525.004,548.54,518.28,4136532,546.15
797,2021,8,539.8,556.8499,539.065,3245038,553.41
796,2021,8,550.27,556.48,535.75,4252879,546.7
795,2021,8,546.51,553.09,538.0,3755574,538.85
794,2021,9,545.573,552.14,542.0,3042180,550.64
793,2021,9,553.34,556.99,546.02,3042226,547.82
792,2021,9,545.93,548.005,517.81,5362443,520.7
791,2021,9,521.5,531.5,507.68,5034792,511.29
790,2021,9,511.98,517.76,498.7901,5069973,516.39
789,2021,10,514.46,518.84,492.85,3981758,493.33
788,2021,10,507.31,513.11,503.8221,3470042,506.44
787,2021,10,513.5,518.97,504.25,3771484,504.54
786,2021,10,512.205,530.235,510.71,4714469,523.06
785,2021,10,512.5,526.51,506.59,3981743,518.02
784,2021,11,516.32,520.729,508.03,3485519,520.25
783,2021,11,524.47,533.42,523.21,3238888,524.03
782,2021,11,522.0,528.3654,514.3,2817376,524.44
781,2021,11,516.396,517.9,503.85,4096606,504.79
780,2021,11,504.96,513.19,501.63,4386360,512.18
779,2021,12,509.13,529.31,509.13,3360587,523.11
778,2021,12,529.87,543.12,529.4,5583461,535.09
777,2021,12,533.78,534.42,520.0,4102211,520.81
776,2021,12,516.99,518.53,497.0,4926764,502.86
775,2021,12,502.82,508.72,496.68,3467797,508.05
774,2021,13,505.66,518.0,504.4,3330049,513.95
773,2021,13,510.505,514.41,506.91,2418129,513.39
772,2021,13,515.675,528.13,515.44,3503111,521.66
771,2021,13,529.93,540.5,527.03,3938637,539.42
770,2021,14,540.01,542.85,529.23,3355904,540.67
769,2021,14,544.81,554.165,543.3,3474205,544.53
768,2021,14,543.5,549.64,541.45,2151319,546.99
767,2021,14,551.13,556.899,547.57,4309829,554.58
766,2021,14,552.69,556.9,547.11,2894034,555.31
765,2021,15,551.05,557.98,549.58,2944060,552.78
764,2021,15,557.0,559.75,550.3,2720344,553.73
763,2021,15,554.87,554.87,538.53,3740294,540.02
762,2021,15,544.17,553.49,542.66,3139050,549.22
761,2021,15,550.54,551.98,539.51,3209075,546.54
760,2021,16,546.9,556.44,545.53,4288715,554.44
759,2021,16,554.42,563.56,546.3,11257650,549.57
758,2021,16,508.0,515.46,503.6001,22897450,508.9
757,2021,16,513.82,513.96,500.55,9061062,508.78
756,2021,16,509.01,509.7,500.7,7314659,505.55
755,2021,17,506.76,510.48,503.0,4388839,510.3
754,2021,17,512.62,512.99,504.5808,3761327,505.55
753,2021,17,505.2,508.395,503.34,3192983,506.52
752,2021,17,507.6,509.29,499.0,5127792,509.0
751,2021,17,505.0,514.55,505.0,4413242,513.47
750,2021,18,512.65,518.95,505.2,4091895,509.11
749,2021,18,510.78,511.63,496.79,4349502,503.18
748,2021,18,504.99,507.7843,494.63,3129366,496.08
747,2021,18,495.99,499.55,491.37,3783698,499.55
746,2021,18,504.62,508.55,501.12,3132786,503.84
745,2021,19,502.0,503.15,486.11,5131632,486.69
744,2021,19,479.75,497.99,478.63,4401000,495.08
743,2021,19,486.83,493.54,482.7,4121540,484.98
742,2021,19,489.13,490.775,482.71,2716561,486.66
741,2021,19,487.86,494.85,486.59,2882464,493.37
740,2021,20,485.59,492.71,482.81,2701057,488.94
739,2021,20,488.395,493.4778,486.1895,2350496,486.28
738,2021,20,481.625,488.57,478.54,3349930,487.7
737,2021,20,489.55,502.7,488.975,3721218,501.67
736,2021,20,503.12,505.4,497.26,3322925,497.89
735,2021,21,501.05,504.25,499.51,2412595,502.9
734,2021,21,506.0,506.365,499.22,2699459,501.34
733,2021,21,502.34,504.14,500.5,2465303,502.36
732,2021,21,501.8,505.1,498.54,3253773,503.86
731,2021,21,504.4,511.76,502.53,2911297,502.81
730,2021,22,504.01,505.41,497.7443,2482555,499.08
729,2021,22,499.82,503.22,495.82,2268979,499.24
728,2021,22,495.19,496.66,487.25,3887445,489.43
727,2021,22,492.0,501.86,490.95,3160487,494.74
726,2021,23,492.917,496.7,490.55,2791932,494.66
725,2021,23,497.0,498.82,489.37,2374037,492.39
724,2021,23,494.5,496.09,484.65,3055029,485.81
723,2021,23,487.165,490.21,482.14,4382928,487.27
722,2021,23,490.0,491.41,487.78,3123969,488.77
721,2021,24,489.68,503.5,486.91,4400222,499.89
720,2021,24,501.23,501.23,490.4,3104073,491.9
719,2021,24,495.0,496.46,486.28,3533206,492.41
718,2021,24,490.25,501.8,490.15,3198273,498.34
717,2021,24,496.4,504.49,495.24,5197576,500.77
716,2021,25,501.64,502.05,492.28,5277297,497.0
715,2021,25,498.54,513.55,495.795,5809271,508.82
714,2021,25,508.48,516.63,508.2,3944782,512.74
713,2021,25,517.96,520.96,514.4001,3361202,518.06
712,2021,25,528.84,533.06,525.0,5299072,527.07
711,2021,26,528.12,533.9399,524.56,2820227,533.03
710,2021,26,533.55,536.13,528.57,2314647,533.5
709,2021,26,534.055,534.38,526.82,2773445,528.21
708,2021,26,525.72,537.04,525.72,2805402,533.54
707,2021,26,535.5,538.5351,529.39,1980316,533.98
706,2021,27,533.0,542.86,533.0,2775051,541.64
705,2021,27,544.24,544.64,531.66,2722498,535.96
704,2021,27,530.93,535.5,529.09,3268988,530.76
703,2021,27,531.0,538.26,528.58,2777231,535.98
702,2021,28,540.3,540.6497,532.92,1780738,537.31
701,2021,28,535.76,545.33,535.76,2751593,540.68
700,2021,28,541.01,554.1,541.01,4659535,547.95
699,2021,28,553.97,557.5399,538.2,5713873,542.95
698,2021,28,541.81,544.06,527.05,3442101,530.31
697,2021,29,526.05,534.913,522.2401,3885764,532.28
696,2021,29,526.07,536.64,520.3,6930440,531.05
695,2021,29,526.13,530.99,505.61,11906790,513.63
694,2021,29,510.206,513.68,507.0,4328061,511.77
693,2021,29,512.16,517.41,504.66,3820478,515.41
692,2021,30,514.38,521.13,509.0101,2254538,516.49
691,2021,30,518.08,521.95,512.05,2759037,518.91
690,2021,30,521.82,524.47,516.98,2390466,519.3
689,2021,30,519.96,520.7799,513.7927,1736014,514.25
688,2021,30,512.69,519.79,510.9642,2537107,517.57
687,2021,31,519.0,519.85,510.51,2096632,515.15
686,2021,31,514.39,515.63,505.37,2579427,510.82
685,2021,31,513.0,517.98,510.37,2039374,517.35
684,2021,31,517.13,525.41,514.02,2556687,524.89
683,2021,31,524.0,526.84,519.39,1919798,520.55
682,2021,32,521.1469,522.6699,517.99,1367782,519.97
681,2021,32,520.0,520.79,512.965,1960544,515.84
680,2021,32,517.0,519.57,509.77,1673904,512.4
679,2021,32,511.86,513.0,507.2014,1686170,510.72
678,2021,32,512.64,521.44,511.51,2177736,515.92
677,2021,33,515.24,523.38,512.3,2033176,517.92
676,2021,33,515.465,520.79,514.2,2309803,518.91
675,2021,33,520.0,526.38,518.65,2582046,521.87
674,2021,33,522.74,548.39,521.87,7497292,543.71
673,2021,33,545.09,551.3883,539.1,3776429,546.88
672,2021,34,545.98,555.55,543.74,2602010,553.33
671,2021,34,551.484,555.3141,549.27,2109525,553.41
670,2021,34,550.16,552.84,545.45,2065621,547.58
669,2021,34,546.16,552.604,545.9,1595499,550.12
668,2021,34,551.6,564.17,549.25,3252595,558.92
667,2021,35,557.25,567.1648,556.45,2434839,566.18
666,2021,35,566.12,569.48,561.611,2431886,569.19
665,2021,35,569.0,591.0,569.0,5626214,582.07
664,2021,35,583.68,598.7567,583.68,6184782,588.55
663,2021,35,585.8,591.8783,583.14,2684005,590.53
662,2021,36,594.69,613.85,593.99,5830979,606.71
661,2021,36,603.84,615.6,595.71,5424503,606.05
660,2021,36,606.47,609.44,596.55,2954214,597.54
659,2021,36,598.16,609.45,593.67,3950764,598.72
658,2021,37,598.57,598.57,582.775,3062871,589.29
657,2021,37,584.89,587.28,575.56,3456958,577.76
656,2021,37,578.17,584.62,575.37,2755615,582.87
655,2021,37,584.3,587.48,577.72,1832028,586.5
654,2021,37,587.85,590.28,580.8501,4145145,589.35
653,2021,38,586.79,591.53,568.08,3732227,575.43
652,2021,38,578.31,581.88,569.37,2250884,573.14
651,2021,38,579.69,595.65,579.69,4021845,590.65
650,2021,38,590.79,599.32,589.1301,2526161,593.26
649,2021,38,592.5,592.98,583.64,2126246,592.39
648,2021,39,587.95,593.58,576.93,2504738,592.64
647,2021,39,589.0,599.5353,580.16,4431051,583.85
646,2021,39,589.01,609.8799,588.01,6221026,599.06
645,2021,39,608.05,619.0,608.05,6616040,610.34
644,2021,39,604.24,614.99,597.505,4090847,613.15
643,2021,40,613.39,626.125,594.68,4995932,603.35
642,2021,40,606.94,640.39,606.89,9534293,634.81
641,2021,40,628.18,639.8699,626.36,4580434,639.1
640,2021,40,642.225,646.84,630.45,3556886,631.85
639,2021,40,634.165,643.8,630.86,3272093,632.66
638,2021,41,633.195,639.42,626.78,2862470,627.04
637,2021,41,633.02,637.655,621.99,3227349,624.94
636,2021,41,632.1791,632.1791,622.1,2424638,629.76
635,2021,41,632.23,636.88,626.79,2672535,633.8
634,2021,41,638.0,639.42,625.16,4116874,628.29
633,2021,42,632.1,638.41,620.5901,4669071,637.97
632,2021,42,636.969,641.0,632.3,7633147,639.0
631,2021,42,625.573,637.4,617.15,10622000,625.14
630,2021,42,628.89,654.01,628.65,8437070,653.16
629,2021,42,651.81,665.46,651.81,6186016,664.78
628,2021,43,663.74,675.88,657.07,3833526,671.66
627,2021,43,673.76,676.4899,662.77,2904840,668.52
626,2021,43,669.0,671.41,661.85,2276914,662.92
625,2021,43,670.949,676.8,668.03,2859409,674.05
624,2021,43,673.06,690.9699,671.24,3825279,690.31
623,2021,44,689.06,689.97,676.54,3110911,681.17
622,2021,44,683.11,687.68,673.82,3888597,677.72
621,2021,44,677.27,689.39,677.27,2334852,688.29
620,2021,44,685.89,685.94,665.5,4865023,668.4
619,2021,44,663.97,665.64,645.01,5283488,645.72
618,2021,45,650.29,656.0,643.79,2887523,651.45
617,2021,45,653.7,660.5,650.52,2415630,655.99
616,2021,45,653.01,660.3306,642.11,2405785,646.91
615,2021,45,650.24,665.82,649.705,2868311,657.58
614,2021,45,660.01,683.34,653.82,4198410,682.61
613,2021,46,681.235,685.2599,671.49,2872186,679.33
612,2021,46,678.27,688.3599,676.9,2077387,687.4
611,2021,46,690.0,700.9894,686.09,2732831,691.69
610,2021,46,691.61,691.74,679.735,2014992,682.02
609,2021,46,692.35,694.16,675.0,2614852,678.8
608,2021,47,676.02,679.48,656.47,2765318,659.2
607,2021,47,658.18,666.43,646.05,2320917,654.06
606,2021,47,658.01,661.44,651.1,1867282,658.29
605,2021,47,675.0,676.405,660.67,2872513,665.64
604,2021,48,663.2,667.99,658.29,2529364,663.84
603,2021,48,668.198,675.38,640.01,5608919,641.9
602,2021,48,649.48,654.52,617.07,3897019,617.77
601,2021,48,617.1,625.36,612.88,3331131,616.47
600,2021,48,622.75,625.5,594.0,4829282,602.13
599,2021,49,606.01,617.29,601.0,3075672,612.69
598,2021,49,619.83,628.89,611.4,3125190,625.58
597,2021,49,630.0,632.455,623.2,2220308,628.08
596,2021,49,627.58,630.24,610.44,2376321,611.0
595,2021,49,616.78,617.74,605.88,2748774,611.66
594,2021,50,612.0,612.64,599.52,2517915,604.56
593,2021,50,598.71,602.29,588.13,2984536,597.99
592,2021,50,598.18,605.69,584.51,2866196,605.04
591,2021,50,597.09,602.8308,588.0,3143217,591.06
590,2021,50,591.61,593.25,581.74,4433706,586.73
589,2021,51,586.43,602.8847,584.26,3358404,593.74
588,2021,51,597.5434,607.82,593.8611,2319390,604.92
587,2021,51,603.36,614.82,602.63,2335745,614.24
586,2021,51,616.4,616.88,607.57,1621146,614.09
585,2021,52,615.0,615.0,609.25,2062233,613.12
584,2021,52,614.95,618.41,609.69,1884116,610.71
583,2021,52,610.71,613.98,604.68,1287513,610.54
582,2021,52,612.99,620.61,611.2401,1625093,612.09
581,2021,52,610.01,614.075,602.05,1995918,602.44
580,2022,1,605.61,609.99,590.56,3068808,597.37
579,2022,1,599.91,600.4099,581.6,4393135,591.15
578,2022,1,592.0,592.84,566.88,4148749,567.52
577,2022,1,554.34,563.36,542.01,5711795,553.29
576,2022,1,549.46,553.43,538.2175,3382873,541.06
575,2022,2,538.49,543.69,526.32,4486145,539.85
574,2022,2,536.99,543.91,530.07,3077836,540.84
573,2022,2,544.27,544.27,532.02,3787372,537.22
572,2022,2,537.06,540.79,518.26,4475063,519.2
571,2022,2,517.6,538.37,511.88,7861109,525.69
570,2022,3,520.08,521.75,508.68,4844418,510.8
569,2022,3,515.0,523.21,510.51,4353508,515.86
568,2022,3,517.75,526.64,506.93,12658990,508.25
567,2022,3,400.425,409.1499,379.99,58904270,397.5
566,2022,4,383.91,387.26,351.46,32386780,387.15
565,2022,4,379.14,387.71,365.13,15145820,366.42
564,2022,4,378.27,382.66,356.62,12683980,359.7
563,2022,4,382.06,394.8,378.1,24324750,386.7
562,2022,4,386.76,387.0,372.08,11966610,384.36
561,2022,5,401.97,427.7,398.2,20047450,427.14
560,2022,5,432.96,458.48,425.5401,22568100,457.13
559,2022,5,448.25,451.98,426.48,14346010,429.48
558,2022,5,421.44,429.26,404.28,9905210,405.6
557,2022,5,407.31,412.77,396.6391,7789798,410.17
556,2022,6,410.17,412.35,393.55,8232859,402.1
555,2022,6,398.18,406.61,395.83,6818543,403.53
554,2022,6,408.65,412.98,398.79,7738227,412.89
553,2022,6,402.1,408.0,396.36,8452915,406.27
552,2022,6,405.33,411.6103,387.65,7558939,391.31
551,2022,7,387.59,409.36,386.891,7202155,396.57
550,2022,7,403.79,409.1619,401.01,5395641,407.46
549,2022,7,401.53,401.56,390.3842,5277650,398.08
548,2022,7,394.235,399.11,385.7,4669222,386.67
547,2022,7,392.53,402.87,389.0466,6801668,391.29
546,2022,8,388.95,392.42,373.02,6697515,377.38
545,2022,8,382.72,386.0,366.66,4614290,367.46
544,2022,8,355.09,390.73,354.72,7068724,390.03
543,2022,8,386.61,391.29,375.58,4841636,390.8
542,2022,9,387.33,397.75,382.13,5035046,394.52
541,2022,9,391.6,395.0,383.705,3290439,386.24
540,2022,9,388.93,389.22,375.21,5356809,380.03
539,2022,9,386.0,386.12,364.65,6076836,368.07
538,2022,9,368.0,374.8186,357.17,5329180,361.73
537,2022,10,360.41,361.995,350.2,5708383,350.26
536,2022,10,349.8,358.86,340.67,6428655,341.76
535,2022,10,357.685,364.14,350.5089,6520186,358.79
534,2022,10,356.2,367.02,353.3,4807767,356.77
533,2022,10,361.19,363.36,340.0,4819925,340.32
532,2022,11,338.72,341.32,329.82,5907817,331.01
531,2022,11,335.1,345.36,332.36,5460640,343.75
530,2022,11,348.2,359.99,343.06,6982469,357.53
529,2022,11,359.7,373.31,354.88,5818348,371.4
528,2022,11,372.0,381.8,368.47,8324825,380.6
527,2022,12,378.02,381.82,368.94,4866463,374.59
526,2022,12,371.14,386.66,366.76,4242762,382.92
525,2022,12,379.77,382.46,374.49,3728954,374.49
524,2022,12,379.76,379.76,368.9,3888461,375.71
523,2022,12,377.07,377.64,366.43,3575953,373.85
522,2022,13,375.23,380.28,366.73,4323435,378.51
521,2022,13,384.39,396.5,380.33,5880723,391.82
520,2022,13,389.55,392.7,378.625,4023301,381.47
519,2022,13,383.59,384.0,373.61,4134720,374.59
518,2022,13,376.8,380.87,368.5,4644237,373.47
517,2022,14,373.55,396.02,373.13,7009235,391.5
516,2022,14,389.3,390.0,377.305,4234508,380.15
515,2022,14,374.15,376.4699,362.73,4354885,368.35
514,2022,14,365.0,368.54,353.6897,4948909,362.15
513,2022,14,361.96,362.5,354.865,4025183,355.88
512,2022,15,350.0,354.78,345.2,3777096,348.0
511,2022,15,355.91,359.41,342.25,3824261,344.1
510,2022,15,343.92,352.0,341.155,3230950,350.43
509,2022,15,350.95,352.0,339.86,4343837,341.13
508,2022,16,340.0,342.36,331.615,5105041,337.86
507,2022,16,333.22,351.68,333.22,20906890,348.61
506,2022,16,245.2,248.7,212.51,133387500,226.19
505,2022,16,220.0,227.68,211.52,53501600,218.22
504,2022,16,220.18,226.27,210.05,37515130,215.52
503,2022,17,213.81,216.66,204.51,28152050,209.91
502,2022,17,208.8,209.15,198.2773,20318090,198.4
501,2022,17,194.005,200.19,187.77,22298390,188.54
500,2022,17,191.56,201.48,185.6,21363160,199.52
499,2022,17,198.68,204.71,190.0,16391890,190.36
498,2022,18,191.71,200.2141,190.01,14591600,199.46
497,2022,18,198.29,203.2,194.77,11839430,199.87
496,2022,18,197.65,204.38,191.01,12218780,204.01
495,2022,18,200.45,200.71,186.0,13971330,188.32
494,2022,18,186.75,187.21,175.81,17185480,180.97
493,2022,19,177.655,183.2,172.3,14031330,173.1
492,2022,19,176.01,181.8712,170.57,13883910,177.66
491,2022,19,176.09,180.92,165.55,12665520,166.37
490,2022,19,163.96,177.58,162.71,17662120,174.31
489,2022,19,177.16,187.77,176.01,13136330,187.64
488,2022,20,193.3,195.89,185.7,16145010,186.51
487,2022,20,189.17,191.4,185.17,9876685,190.56
486,2022,20,186.72,187.7,176.27,9665632,177.19
485,2022,20,178.045,186.3,175.71,10448510,183.48
484,2022,20,185.867,190.19,179.77,10429400,186.35
483,2022,21,186.15,187.66,177.89,9602027,187.44
482,2022,21,182.0,184.0,177.17,7706372,180.34
481,2022,21,180.28,188.87,180.17,8522092,187.83
480,2022,21,186.49,192.3402,183.0916,8049933,191.4
479,2022,21,193.19,195.25,190.3722,8585987,195.19
478,2022,22,196.18,199.95,190.8,11398460,197.44
477,2022,22,198.7,202.74,191.6606,8416151,192.91
476,2022,22,192.02,205.47,191.72,9623121,205.09
475,2022,22,200.14,202.95,198.05,7191775,198.98
474,2022,23,202.09,203.87,195.38,5372043,197.14
473,2022,23,194.87,199.6,193.0,4839491,198.61
472,2022,23,197.95,207.38,197.64,7244121,202.83
471,2022,23,200.65,201.69,192.54,6948967,192.77
470,2022,23,182.64,185.86,180.85,13074280,182.94
469,2022,24,177.07,179.09,168.9571,10222410,169.69
468,2022,24,169.75,172.0622,164.28,11555320,167.54
467,2022,24,169.258,183.845,168.53,12396040,180.11
466,2022,24,174.0,176.27,171.56,8201306,173.35
465,2022,24,173.63,179.65,173.34,12133370,175.51
464,2022,25,177.6,178.6189,169.8,12177590,170.91
463,2022,25,170.75,182.82,170.2,12010620,178.89
462,2022,25,180.5,182.76,175.87,9538226,181.71
461,2022,25,183.5,191.19,181.84,12423970,190.85
460,2022,26,191.77,191.78,182.39,8363879,189.14
459,2022,26,189.2,192.2,179.37,7201897,179.6
458,2022,26,179.55,180.665,175.1,5766847,178.36
457,2022,26,177.07,179.45,170.3,7894710,174.87
456,2022,26,176.49,180.1,174.27,5201583,179.95
455,2022,27,176.28,185.92,172.6801,7339023,185.88
454,2022,27,185.2,186.22,180.82,5753385,184.06
453,2022,27,184.27,190.21,183.5,6334545,189.27
452,2022,27,186.02,189.91,182.75,5835680,186.975
451,2022,28,184.73,184.99,176.89,6048447,177.34
450,2022,28,177.33,179.7839,173.42,6845264,174.45
449,2022,28,170.5,179.18,169.702,12734420,176.56
448,2022,28,175.56,177.52,171.82,9039457,174.78
447,2022,28,175.58,189.22,174.56,16319120,189.11
446,2022,29,192.5,199.67,189.8,16322850,190.92
445,2022,29,193.02,201.97,188.4,28178720,201.63
444,2022,29,208.17,216.9699,200.1,53920270,216.44
443,2022,29,214.3,224.32,211.5,23430120,223.88
442,2022,29,222.38,229.35,218.44,17805450,220.44
441,2022,30,221.31,225.23,216.35,10935250,218.51
440,2022,30,216.66,219.39,211.64,9508532,213.91
439,2022,30,216.48,227.78,214.58,10508390,226.75
438,2022,30,224.6,228.1,219.67,8972738,226.02
437,2022,30,223.29,230.75,222.4,9064937,224.9
436,2022,31,223.095,228.39,221.0,5525044,226.21
435,2022,31,222.76,228.2,220.88,6361327,221.42
434,2022,31,224.79,228.1,222.42,6400701,226.73
433,2022,31,227.68,232.07,225.05,7142741,229.91
432,2022,31,225.3,228.62,222.87,5539733,226.78
431,2022,32,227.49,241.9599,226.41,10997410,233.49
430,2022,32,231.62,232.1999,224.65,6181194,229.94
429,2022,32,236.99,244.54,236.5958,9254760,244.11
428,2022,32,244.68,251.62,241.51,8780062,242.7
427,2022,32,244.81,249.41,243.76,6098531,249.3
426,2022,33,248.11,251.99,247.51,6527391,249.11
425,2022,33,247.16,249.29,244.03,5136806,245.69
424,2022,33,241.18,244.24,237.56,5627224,241.15
423,2022,33,241.96,246.4794,239.2801,5280387,245.17
422,2022,33,240.95,243.29,235.68,7504707,241.16
421,2022,34,232.55,233.475,224.59,8630094,226.54
420,2022,34,226.46,229.9,224.3,5276945,224.55
419,2022,34,225.66,234.1,223.94,5426316,229.61
418,2022,34,230.24,234.16,229.0,3766867,233.98
417,2022,34,233.625,236.95,223.15,5349848,223.28
416,2022,35,221.93,229.87,221.52,7109397,224.57
415,2022,35,226.66,229.79,218.74,5740434,220.65
414,2022,35,227.0,233.8787,223.43,8615906,223.56
413,2022,35,220.72,230.37,219.47,7292917,230.04
412,2022,35,231.03,233.8814,225.04,8164883,226.11
411,2022,36,225.59,226.85,214.69,7469016,218.39
410,2022,36,220.21,229.33,218.2681,8149329,228.96
409,2022,36,224.16,228.735,221.3,6737436,227.44
408,2022,36,229.62,234.7799,229.62,6702060,233.57
407,2022,37,233.61,239.49,233.37,6047425,236.53
406,2022,37,226.5,227.69,217.72,8000128,218.13
405,2022,37,219.82,228.0,215.8,8230340,224.12
404,2022,37,230.47,242.2871,229.1,19454120,235.38
403,2022,37,231.22,241.355,227.83,18914180,240.13
402,2022,38,245.05,245.25,235.75,17912370,243.63
401,2022,38,240.37,250.49,239.66,16037430,242.85
400,2022,38,242.67,248.2999,236.68,9166772,236.87
399,2022,38,235.35,240.5,231.66,10017970,237.05
398,2022,38,235.14,236.4499,221.43,11207230,226.41
397,2022,39,225.6,232.7,223.01,8234285,224.07
396,2022,39,228.63,230.64,220.72,7762223,224.36
395,2022,39,229.69,246.65,227.38,17579670,245.2
394,2022,39,241.61,246.98,235.68,18994940,239.71
393,2022,39,237.0,242.44,233.26,11848610,235.44
392,2022,40,237.85,241.54,232.85,8657443,239.04
391,2022,40,244.84,245.7999,233.25,13925850,240.74
390,2022,40,238.76,241.59,227.38,10825630,236.73
389,2022,40,236.68,244.28,233.9101,9188940,240.02
388,2022,40,235.77,237.33,224.28,9806128,224.75
387,2022,41,225.64,233.83,224.23,9991145,229.98
386,2022,41,226.05,230.44,213.7,15282410,214.29
385,2022,41,214.3,223.67,212.64,12952640,220.87
384,2022,41,212.69,234.47,211.73,17505010,232.51
383,2022,41,237.8,238.8,229.51,15293400,230.0
382,2022,42,234.41,249.9221,234.4,21057820,245.1
381,2022,42,249.8,250.37,237.73,25776730,240.86
380,2022,42,265.0,279.3,262.66,46685260,272.38
379,2022,42,272.78,278.3755,266.38,17207100,268.16
378,2022,42,268.95,290.75,265.68,24889060,289.57
377,2022,43,290.23,290.49,280.36,13326420,282.45
376,2022,43,286.95,297.59,285.5501,15100720,291.02
375,2022,43,290.04,305.63,288.04,15749250,298.62
374,2022,43,298.33,305.21,294.78,14612590,296.94
373,2022,43,297.7,301.19,292.2924,9960547,295.72
372,2022,44,295.13,297.6199,289.5,7505133,291.88
371,2022,44,296.17,299.7,286.42,6916424,286.75
370,2022,44,286.4,287.33,272.84,10367620,273.0
369,2022,44,271.25,276.29,268.8,7057350,269.06
368,2022,44,272.02,274.97,255.32,11124690,260.79
367,2022,45,261.06,261.155,252.09,7927033,258.6
366,2022,45,259.92,266.08,256.8801,7683826,263.46
365,2022,45,259.66,260.9,254.2202,7265994,254.66
364,2022,45,265.99,275.36,260.0901,9667323,274.97
363,2022,45,274.47,290.66,271.5577,9573834,290.13
362,2022,46,290.0,311.0,288.19,17973400,299.27
361,2022,46,309.2,312.71,302.55,14626930,310.2
360,2022,46,309.94,310.49,303.61,8038556,306.02
359,2022,46,294.72,299.82,291.0,9838220,295.28
358,2022,46,297.33,298.0,287.0,8400108,287.98
357,2022,47,291.0,291.87,282.66,7256507,285.05
356,2022,47,284.99,286.98,277.34,6245119,286.69
355,2022,47,285.91,292.47,283.76,5918988,291.5
354,2022,47,289.0,289.21,284.17,3235953,285.54
353,2022,48,284.0,289.55,280.53,4707049,281.17
352,2022,48,282.5,282.96,275.94,5786874,280.96
351,2022,48,281.37,308.26,280.41,16070120,305.53
350,2022,48,303.99,319.8,303.03,14664870,316.95
349,2022,48,310.49,321.99,310.0,12690600,320.41
348,2022,49,316.46,322.77,310.92,8423029,312.59
347,2022,49,311.0,313.2231,303.13,7195395,305.56
346,2022,49,306.5,309.61,302.1,7821634,308.42
345,2022,49,309.11,312.38,304.8098,7205326,310.26
344,2022,49,321.45,329.0,319.52,14364030,320.01
343,2022,50,320.0,323.18,308.85,10148610,315.18
342,2022,50,328.0,332.7236,317.199,10756430,320.34
341,2022,50,318.97,324.71,314.42,7543291,317.83
340,2022,50,302.12,303.39,286.55,17724560,290.41
339,2022,50,288.76,294.7199,288.7,14080050,290.71
338,2022,51,289.73,292.25,286.13,6163667,288.3
337,2022,51,281.24,289.28,280.81,6918114,288.19
336,2022,51,289.99,300.66,286.5,6376173,297.96
335,2022,51,298.09,298.88,290.8131,7856192,297.75
334,2022,51,296.18,298.4614,291.91,4251108,294.965
333,2022,52,293.19,293.57,282.13,5778098,284.17
332,2022,52,281.92,285.19,273.41,5964369,276.88
331,2022,52,283.18,295.4999,281.01,9588527,291.12
330,2022,52,285.53,295.01,283.22,7566892,294.88
329,2023,1,298.06,298.39,288.7,6763964,294.95
328,2023,1,298.24,311.135,295.51,9345054,309.41
327,2023,1,307.0,314.18,304.545,8328390,309.7
326,2023,1,311.57,316.77,303.69,8959839,315.55
325,2023,2,316.83,321.7,313.22,6766628,315.17
324,2023,2,311.07,329.35,311.07,13072290,327.54
323,2023,2,326.5,328.88,321.35,9579681,327.26
322,2023,2,332.5,332.95,323.14,10856250,330.13
321,2023,2,329.97,336.65,328.885,8286816,332.82
320,2023,3,331.08,332.5,323.6,9246987,326.22
319,2023,3,326.75,330.08,321.25,7814115,326.33
318,2023,3,322.57,324.89,313.39,18008200,315.78
317,2023,3,336.79,344.0,332.625,28430340,342.5
316,2023,4,341.715,362.2453,340.6329,15646850,357.42
315,2023,4,357.53,365.65,355.1401,11796530,363.83
314,2023,4,360.57,368.8999,358.501,7766907,367.96
313,2023,4,368.77,369.02,361.7,8256844,364.87
312,2023,4,363.2,365.92,360.59,6703548,360.77
311,2023,5,358.44,360.95,352.855,5127593,353.11
310,2023,5,349.98,355.95,348.71,5660738,353.86
309,2023,5,353.86,365.385,349.91,8005170,361.99
308,2023,5,365.16,368.32,358.43,7856952,366.89
307,2023,5,359.08,379.4301,359.0,9402034,365.9
306,2023,6,363.642,368.45,360.68,4994942,361.48
305,2023,6,358.51,364.1799,354.18,6289368,362.95
304,2023,6,360.02,368.193,358.31,6253179,366.83
303,2023,6,372.41,373.83,361.7444,6901100,362.5
302,2023,6,359.16,362.14,347.14,7291096,347.36
301,2023,7,349.5,359.7034,344.25,7134445,358.57
300,2023,7,357.55,363.75,353.4,4624758,359.96
299,2023,7,356.63,362.88,354.24,3969945,361.42
298,2023,7,355.0,361.5,350.31,5215726,350.71
297,2023,7,347.905,349.0,342.44,5294727,347.96
296,2023,8,342.85,344.1253,336.4177,5710292,337.5
295,2023,8,337.5,341.91,332.82,4546249,334.88
294,2023,8,331.23,331.28,314.3,13238670,323.65
293,2023,8,319.3,321.5,314.52,6830692,317.15
292,2023,9,323.87,330.0,322.121,6142580,323.03
291,2023,9,323.7,327.62,321.17,3676075,322.13
290,2023,9,321.55,326.6,312.36,4911311,313.48
289,2023,9,310.96,315.57,310.38,4921053,311.88
288,2023,9,315.45,317.49,310.82,5953319,315.18
287,2023,10,317.0,323.3,311.8412,5660743,312.03
286,2023,10,312.675,314.3,306.6226,4553082,308.47
285,2023,10,309.29,311.83,305.75,3479474,311.79
284,2023,10,312.08,312.51,294.88,7443350,297.78
283,2023,10,297.905,298.79,289.0,5759315,292.76
282,2023,11,287.34,299.24,285.3301,6292385,293.51
281,2023,11,295.97,297.45,290.31,5956692,294.94
280,2023,11,292.51,306.31,292.28,9215340,303.79
279,2023,11,304.75,316.6,301.71,7912371,310.06
278,2023,11,310.06,310.76,300.0,6918777,303.5
277,2023,12,299.79,307.5,296.0,5113430,305.13
276,2023,12,306.32,307.92,300.43,4886279,305.79
275,2023,12,306.31,306.45,293.54,5808035,293.9
274,2023,12,304.68,322.78,304.14,15653350,320.37
273,2023,12,320.63,331.83,320.63,13004090,328.39
272,2023,13,327.55,336.44,324.41,8625763,327.66
271,2023,13,326.06,333.32,321.28,6489388,323.52
270,2023,13,326.29,332.85,325.73,6287336,332.03
269,2023,13,340.27,343.29,335.3,7131468,338.43
268,2023,13,340.05,345.84,337.2001,5610161,345.48
267,2023,14,341.83,348.58,340.4001,4413650,348.28
266,2023,14,348.49,349.8,343.95,3298072,346.75
265,2023,14,345.3,345.43,336.2526,4205545,342.35
264,2023,14,339.34,340.48,332.63,4660542,339.33
263,2023,15,335.27,339.88,333.36,2657898,338.99
262,2023,15,343.45,347.14,337.635,4044778,338.21
261,2023,15,340.81,342.8,330.04,3965440,331.03
260,2023,15,339.99,346.43,338.75,7406437,346.19
259,2023,15,342.94,344.853,336.41,5350508,338.63
258,2023,16,338.0,338.39,327.5,6136047,332.72
257,2023,16,335.0,337.19,330.5,17944500,333.7
256,2023,16,324.21,325.75,316.1,22128270,323.12
255,2023,16,320.39,331.4298,318.33,9947800,325.35
254,2023,16,323.0,328.29,319.5,6348000,327.98
253,2023,17,330.2,334.66,326.75,5586627,329.02
252,2023,17,328.5,328.655,321.1,5426642,322.55
251,2023,17,321.36,325.9,320.47,4623238,321.15
250,2023,17,324.3,327.45,317.44,5618768,325.85
249,2023,17,325.24,330.8077,324.0,4228374,329.93
248,2023,18,329.435,331.23,318.09,5341484,324.12
247,2023,18,325.0,326.07,315.62,4318612,317.55
246,2023,18,317.55,324.62,315.85,5064057,319.3
245,2023,18,319.01,323.61,317.95,3879657,320.78
244,2023,18,323.61,324.15,319.4401,3990637,322.76
243,2023,19,322.99,332.56,322.03,5488593,331.21
242,2023,19,330.67,336.32,329.7401,5544852,332.14
241,2023,19,335.21,337.11,329.51,4289897,335.42
240,2023,19,334.98,345.47,331.84,8033531,344.76
239,2023,19,344.76,348.1664,337.3637,6082360,339.89
238,2023,20,340.62,341.9,335.54,3652970,335.89
237,2023,20,334.0,335.17,331.91,3334863,333.75
236,2023,20,331.76,341.38,329.615,3958807,339.96
235,2023,20,347.25,375.87,346.37,20925240,371.29
234,2023,20,369.86,369.99,363.81,7859703,365.36
233,2023,21,365.36,372.01,362.5,5406420,363.01
232,2023,21,360.24,364.17,354.31,6866078,355.99
231,2023,21,356.93,367.151,356.625,7973316,364.85
230,2023,21,359.61,367.4499,357.42,6263105,359.0
229,2023,21,361.1,383.76,356.0,9360436,378.88
228,2023,22,397.48,405.11,385.79,10864990,392.98
227,2023,22,391.89,396.26,388.91,6988047,395.23
226,2023,22,397.41,407.52,393.08,7160145,403.13
225,2023,22,402.89,406.58,395.9,5902381,400.47
224,2023,23,400.47,413.86,400.15,7247413,403.54
223,2023,23,405.0,405.12,396.93,4991532,399.29
222,2023,23,410.43,418.95,399.23,11932390,399.77
221,2023,23,399.77,409.54,396.34,5991087,409.37
220,2023,23,424.5,425.9,414.76,12372830,420.02
219,2023,24,418.83,424.7,416.5669,5967712,423.97
218,2023,24,430.01,437.27,428.4,7820535,435.73
217,2023,24,434.99,447.33,433.5,8413089,440.86
216,2023,24,444.1,448.65,439.5,7099915,445.27
215,2023,24,446.15,447.51,430.9,8753740,431.96
214,2023,25,430.18,440.0,430.0,4762313,434.7
213,2023,25,432.65,434.55,422.54,5146441,424.45
212,2023,25,422.93,424.71,418.6801,4872246,422.48
211,2023,25,418.59,425.82,417.73,8298600,424.02
210,2023,26,422.435,430.9599,414.9,4640022,415.94
209,2023,26,417.39,420.8789,411.5,4818066,417.08
208,2023,26,423.1,437.2915,422.89,8811342,429.84
207,2023,26,434.33,437.85,426.15,4932310,428.24
206,2023,26,431.1,444.12,431.1,7346394,440.49
205,2023,27,439.76,441.545,431.62,3728461,441.44
204,2023,27,444.91,450.97,439.6244,6875414,445.9
203,2023,27,440.0,442.7999,430.72,4944892,438.84
202,2023,27,438.6,442.325,435.8354,4165144,438.1
201,2023,28,438.52,444.41,436.82,4251737,441.71
200,2023,28,438.65,440.8,431.0415,4574559,440.21
199,2023,28,444.55,445.4085,437.7494,5731657,444.05
198,2023,28,447.0,451.67,441.177,6157475,450.38
197,2023,28,452.785,456.48,439.7,7195860,441.91
196,2023,29,445.57,456.68,445.1053,6901141,450.05
195,2023,29,451.0,478.15,448.78,13196880,474.8
194,2023,29,476.86,485.0,470.0,20996480,477.59
193,2023,29,447.0,448.5,432.0,23989710,437.42
192,2023,29,437.37,438.24,423.19,17340030,427.5
191,2023,30,425.0,428.64,419.19,8282434,428.37
190,2023,30,427.18,430.8799,426.13,4859843,427.7
189,2023,30,424.2,425.26,415.59,6009242,422.67
188,2023,30,426.9,427.52,411.88,6594466,413.17
187,2023,30,415.56,427.47,413.76,6428073,425.78
186,2023,31,426.51,439.13,426.3,6587619,438.97
185,2023,31,437.37,445.2499,431.4,5725544,438.62
184,2023,31,435.23,435.56,426.56,4921781,429.7
183,2023,31,427.8,441.93,427.19,6259309,431.0
182,2023,31,433.06,436.5,426.27,5441811,431.6
181,2023,32,436.455,441.11,428.9057,4781303,440.76
180,2023,32,440.36,443.57,435.1,3767195,438.3
179,2023,32,439.74,440.62,427.59,3846639,428.9
178,2023,32,431.12,438.12,428.69,5467607,429.98
177,2023,32,428.98,430.6317,421.3277,3927914,421.66
176,2023,33,421.99,428.845,418.78,3965963,427.78
175,2023,33,424.41,429.12,421.04,3367998,423.7
174,2023,33,423.73,424.51,415.25,3967021,415.45
173,2023,33,415.0,415.24,401.5818,6031469,403.0
172,2023,33,399.33,406.52,398.15,4312196,404.53
171,2023,34,402.23,409.61,399.5,3861579,408.29
170,2023,34,409.0,415.74,407.4,3603273,413.17
169,2023,34,418.4,437.02,417.71,8174732,427.55
168,2023,34,425.41,427.59,406.165,5687799,406.93
167,2023,34,412.0,419.25,407.5641,5390933,416.03
166,2023,35,418.04,419.83,413.27,2928613,418.06
165,2023,35,416.0,432.17,414.5,4486703,429.99
164,2023,35,430.85,438.16,428.35,3625380,434.67
163,2023,35,431.23,437.15,431.23,3802954,433.68
162,2023,35,437.725,445.5,435.93,4793379,439.88
161,2023,36,438.39,453.45,438.0,6155865,448.68
160,2023,36,448.61,451.39,440.49,3862274,445.76
159,2023,36,441.15,444.6,436.7,2922676,443.14
158,2023,36,443.56,446.81,438.85,2704353,442.8
157,2023,37,443.07,449.89,442.75,2913767,445.36
156,2023,37,442.85,445.4399,434.12,3124024,434.69
155,2023,37,435.5,438.4,410.69,11843030,412.24
154,2023,37,410.4,411.39,400.0,10709040,400.49
153,2023,37,401.0,404.6997,395.03,9116745,396.94
152,2023,38,395.5,399.465,392.6,4704706,394.4
151,2023,38,392.84,398.23,390.245,4080054,396.2
150,2023,38,397.05,397.985,386.12,3866619,386.3
149,2023,38,386.5,395.8999,383.42,5556388,384.15
148,2023,38,385.0,386.88,378.36,3699796,379.81
147,2023,39,382.9,386.62,380.81,3757278,384.8
146,2023,39,382.88,384.56,377.355,4089392,379.25
145,2023,39,382.4,384.223,376.25,3843521,377.59
144,2023,39,375.6,378.96,371.1,4369906,376.36
143,2023,39,380.0,382.58,375.35,4205298,377.6
142,2023,40,377.48,384.808,376.8,3102101,380.33
141,2023,40,377.11,394.9,372.8492,8878134,376.75
140,2023,40,376.5,380.22,373.58,4303658,376.9
139,2023,40,378.01,378.5999,367.24,5034773,372.59
138,2023,40,368.43,382.52,367.77,4778118,381.51
137,2023,41,378.05,387.17,377.755,3299802,385.95
136,2023,41,385.58,388.7,372.25,7288939,373.32
135,2023,41,372.775,377.81,365.34,9151395,365.93
134,2023,41,366.48,368.83,359.05,7376086,361.2
133,2023,41,355.64,358.93,352.05,6316320,355.68
132,2023,42,356.21,363.0799,354.77,5128947,360.82
131,2023,42,361.1,362.7049,353.89,5908412,355.72
130,2023,42,351.0,354.79,344.73,11429640,346.19
129,2023,42,404.74,408.95,392.2601,28074420,401.77
128,2023,42,405.63,410.64,398.01,12782920,400.96
127,2023,43,403.32,407.54,398.5201,7390032,406.84
126,2023,43,409.68,416.6899,408.39,6459247,413.73
125,2023,43,416.02,418.84,410.11,6299587,411.25
124,2023,43,411.42,417.31,401.5444,6849702,403.54
123,2023,43,406.42,410.21,395.62,4997612,397.87
122,2023,44,402.35,412.82,399.41,5317147,410.08
121,2023,44,409.24,412.52,404.6301,3877623,411.69
120,2023,44,414.77,420.6,414.1798,4806108,420.19
119,2023,44,421.17,426.69,417.1,4475984,424.71
118,2023,44,428.76,434.815,425.53,3667051,432.36
117,2023,45,434.38,435.03,429.61,3003235,434.74
116,2023,45,436.18,437.64,431.0,3291064,434.61
115,2023,45,435.0,438.07,433.68,2356845,436.65
114,2023,45,438.03,440.38,434.35,2735507,435.15
113,2023,45,437.48,447.48,435.51,4443284,447.24
112,2023,46,447.25,448.43,442.6,2896143,444.62
111,2023,46,448.78,454.075,445.64,4060884,448.65
110,2023,46,452.81,462.7499,452.45,5035283,461.94
109,2023,46,463.0,467.28,459.65,3655974,466.95
108,2023,46,466.95,467.65,462.76,2800214,465.91
107,2023,47,465.4,476.7558,465.4,3621095,474.47
106,2023,47,472.63,477.02,471.21,2997723,474.95
105,2023,47,476.8,482.7,476.56,2843891,478.0
104,2023,47,477.11,480.4,475.2,1404732,479.56
103,2023,48,479.03,482.0,475.35,3625924,479.17
102,2023,48,478.11,480.5,475.95,2890164,479.0
101,2023,48,479.0,480.9885,474.49,2855540,477.19
100,2023,48,475.31,478.5907,470.42,4287349,473.97
99,2023,48,473.17,475.2299,464.6,4341471,465.74
98,2023,49,460.99,461.2,451.2,5157713,453.9
97,2023,49,450.7,456.39,449.58,3380674,455.15
96,2023,49,460.0,460.5,445.73,4178755,446.73
95,2023,49,450.85,452.885,448.32,3506722,452.0
94,2023,49,450.76,455.5,450.76,3458384,453.76
93,2023,50,459.36,470.65,457.21,4929662,459.89
92,2023,50,465.23,465.61,459.1962,3302660,463.0
91,2023,50,461.98,481.25,461.98,5820192,479.98
90,2023,50,480.36,480.76,464.7601,5176437,469.83
89,2023,50,467.3,473.0,467.3,7840992,472.06
88,2023,51,476.3,492.04,475.095,6410660,486.12
87,2023,51,488.4,496.14,484.06,3849014,495.02
86,2023,51,492.0,500.89,488.39,4563690,489.27
85,2023,51,492.66,494.4,486.77,2756225,491.61
84,2023,51,494.0,496.02,485.45,2702672,486.76
83,2023,52,489.39,491.48,486.38,2034517,491.19
82,2023,52,491.24,494.015,489.25,2561330,491.79
81,2023,52,492.0,492.89,489.07,1710492,490.51
80,2023,52,490.37,492.2299,481.935,2740555,486.88
79,2024,1,483.185,484.65,461.86,5049423,468.5
78,2024,1,467.32,475.05,465.7727,3443694,470.26
77,2024,1,472.98,480.7393,466.53,3636513,474.67
76,2024,1,476.5,479.545,471.804,2631250,474.06
75,2024,2,473.89,485.24,473.65,3675775,485.03
74,2024,2,475.53,485.085,473.8,3526757,482.09
73,2024,2,481.6,487.0,472.95,4342448,478.33
72,2024,2,492.54,503.41,483.82,7993265,492.23
71,2024,2,500.51,500.79,490.61,5003718,492.16
70,2024,3,490.0,494.15,478.02,4678974,481.24
69,2024,3,484.5,486.21,475.2642,4894593,480.33
68,2024,3,480.03,485.77,478.02,4054399,485.31
67,2024,3,484.98,485.67,476.06,5672351,482.95
66,2024,4,487.55,489.8,479.9,5212309,485.71
65,2024,4,492.0,498.96,481.4,15506020,492.19
64,2024,4,537.75,562.5,537.07,26432800,544.87
63,2024,4,551.95,563.46,548.46,9451915,562.0
62,2024,4,561.81,579.64,558.4319,12770570,570.42
61,2024,5,571.35,578.5499,562.68,6905390,575.79
60,2024,5,567.32,570.88,560.82,6181798,562.85
59,2024,5,562.85,572.15,562.045,4857599,564.11
58,2024,5,567.02,572.66,563.83,3174002,567.51
57,2024,5,564.52,567.8,562.37,4032843,564.64
56,2024,6,562.47,575.75,557.195,4143099,562.06
55,2024,6,564.12,566.3399,554.37,2840300,555.88
54,2024,6,558.16,567.8,554.98,4373591,559.3
53,2024,6,560.55,563.7,555.74,3175468,558.53
52,2024,6,565.0,566.0,558.1,3055698,561.32
51,2024,7,560.36,568.44,557.0,3608487,557.85
50,2024,7,550.8,559.1999,549.0,3511453,554.52
49,2024,7,567.26,581.248,564.34,5634226,579.33
48,2024,7,581.91,593.77,580.32,5220938,593.46
47,2024,7,596.95,597.0,577.46,4325689,583.95
46,2024,8,580.18,586.0,569.66,3124236,575.13
45,2024,8,573.51,575.775,567.32,2281143,573.35
44,2024,8,582.75,590.85,578.885,3526597,588.47
43,2024,8,586.4,592.43,579.82,2568852,583.56
42,2024,9,583.56,590.75,583.27,2393712,587.65
41,2024,9,595.0,605.36,592.33,4489355,601.67
40,2024,9,595.79,598.17,590.01,2605242,596.48
39,2024,9,604.25,604.5161,595.16,3572082,602.92
38,2024,9,599.81,620.28,599.5,4270305,619.34
37,2024,10,621.56,624.42,615.08,3020306,615.83
36,2024,10,610.1,610.91,592.0,3849563,598.5
35,2024,10,602.99,607.93,593.5555,2469592,597.69
34,2024,10,599.34,610.53,595.9,2742805,608.51
33,2024,10,608.27,616.09,600.84,2777243,604.82
32,2024,11,608.08,611.0,600.37,2500940,600.93
31,2024,11,600.21,615.3,596.27,2821631,611.08
30,2024,11,613.37,614.8499,607.21,2192094,609.45
29,2024,11,615.0,620.8,607.35,3120452,613.01
28,2024,11,622.92,622.92,603.82,6671629,605.88
27,2024,12,613.56,627.41,610.4481,3344244,618.39
26,2024,12,615.62,621.28,608.0,2142613,620.74
25,2024,12,619.95,629.505,618.34,2639509,627.69
24,2024,12,630.65,634.3617,622.33,2507671,622.71
23,2024,12,624.16,629.05,621.0,2135688,628.01
22,2024,13,627.9,630.46,623.16,1803264,627.46
21,2024,13,625.2,634.3899,619.1836,2804453,629.24
20,2024,13,629.01,631.35,610.73,2628267,613.53
19,2024,13,614.99,615.0,601.59,3708803,607.33
18,2024,14,608.0,615.11,605.571,2115925,614.31
17,2024,14,611.0,615.03,605.5101,2029217,614.21
16,2024,14,612.745,630.41,611.5,2931231,630.08
15,2024,14,633.21,638.0,616.58,3064349,617.14
14,2024,14,624.92,637.91,622.71,3378842,636.18
13,2024,15,636.39,639.0,628.11,2145731,628.41
12,2024,15,631.99,631.99,615.6347,2146635,618.2
11,2024,15,610.97,620.14,609.34,2806248,618.58
10,2024,15,624.42,631.66,617.24,2662662,628.78
9,2024,15,628.23,633.1199,618.915,2959269,622.83
8,2024,16,630.17,630.17,603.871,3085394,607.15
7,2024,16,607.5,622.45,607.5,3519122,617.52
6,2024,16,620.97,620.97,607.71,3312222,613.69
5,2024,16,612.1,621.33,605.435,8468407,610.56
4,2024,16,567.88,579.0,552.16,16449700,555.04
